{
  "project_info": {
    "project_number": "574610923016",
    "project_id": "login-8cc84",
    "storage_bucket": "login-8cc84.appspot.com"
  },
  "client": [
    {
      "client_info": {
        "mobilesdk_app_id": "1:574610923016:android:d28ba73872e6cc3b4ffbbd",
        "android_client_info": {
          "package_name": "usa.salamanca.reto1"
        }
      },
      "oauth_client": [
        {
          "client_id": "574610923016-1rms2hnf5lbhg526ohirci869b2a6b55.apps.googleusercontent.com",
          "client_type": 3
        }
      ],
      "api_key": [
        {
          "current_key": "AIzaSyB7YUH3-JI7vhquyICLelLNl9UnuYQs1uQ"
        }
      ],
      "services": {
        "appinvite_service": {
          "other_platform_oauth_client": [
            {
              "client_id": "574610923016-1rms2hnf5lbhg526ohirci869b2a6b55.apps.googleusercontent.com",
              "client_type": 3
            }
          ]
        }
      }
    }
  ],
  "configuration_version": "1"
}